"0","out = event_study(
  data = regdata_dte,
  yname = ""logy"", 
  idname = ""stateid"",
  tname = ""dateid"",
  gname = ""firsttreat"", # Unit specific date of initial treatment
  estimator = ""all"" # Can ask for some of c(""all"", ""TWFE"", ""did2s"", ""did"", ""impute"", ""sunab"", ""staggered"")
)
"
"2","[36mâ„¹[39m Note these estimators rely on different underlying assumptions. See Table 2 of [3m[34m[3m[34m<https://arxiv.org/abs/2109.05913>[34m[3m[39m[23m for an overview.
"
"2","Estimating TWFE Model
"
"2","Estimating using Gardner (2021)
"
"2","Estimating using Callaway and Sant'Anna (2020)
"
"2","Warning: Dropped 5 observations while converting to balanced panel."
"2","No pre-treatment periods to test
"
"2","Warning: no non-missing arguments to max; returning -Inf"
"2","Warning: no non-missing arguments to max; returning -Inf"
"2","Warning: no non-missing arguments to max; returning -Inf"
"2","Warning: no non-missing arguments to max; returning -Inf"
"2","Warning: no non-missing arguments to max; returning -Inf"
"2","Warning: no non-missing arguments to max; returning -Inf"
"2","Warning: no non-missing arguments to max; returning -Inf"
"2","Warning: no non-missing arguments to max; returning -Inf"
"2","Warning: no non-missing arguments to max; returning -Inf"
"2","Warning: no non-missing arguments to max; returning -Inf"
"2","Warning: no non-missing arguments to max; returning -Inf"
"2","Warning: no non-missing arguments to max; returning -Inf"
"2","Warning: no non-missing arguments to max; returning -Inf"
"2","Warning: no non-missing arguments to max; returning -Inf"
"2","Warning: no non-missing arguments to max; returning -Inf"
"2","Warning: no non-missing arguments to max; returning -Inf"
"2","Warning: no non-missing arguments to max; returning -Inf"
"2","Warning: no non-missing arguments to max; returning -Inf"
"2","Warning: no non-missing arguments to max; returning -Inf"
"2","Warning: no non-missing arguments to max; returning -Inf"
"2","Warning: no non-missing arguments to max; returning -Inf"
"2","Warning: no non-missing arguments to max; returning -Inf"
"2","Warning: no non-missing arguments to max; returning -Inf"
"2","Warning: no non-missing arguments to max; returning -Inf"
"2","Warning: no non-missing arguments to max; returning -Inf"
"2","Warning: no non-missing arguments to max; returning -Inf"
"2","Warning: no non-missing arguments to max; returning -Inf"
"2","Warning: no non-missing arguments to max; returning -Inf"
"2","Warning: no non-missing arguments to max; returning -Inf"
"2","Warning: no non-missing arguments to max; returning -Inf"
"2","Warning: no non-missing arguments to max; returning -Inf"
"2","Warning: no non-missing arguments to max; returning -Inf"
"2","Warning: no non-missing arguments to max; returning -Inf"
"2","Warning: no non-missing arguments to max; returning -Inf"
"2","Warning: no non-missing arguments to max; returning -Inf"
"2","Warning: no non-missing arguments to max; returning -Inf"
"2","Warning: no non-missing arguments to max; returning -Inf"
"2","Warning: no non-missing arguments to max; returning -Inf"
"2","Warning: no non-missing arguments to max; returning -Inf"
"2","Warning: no non-missing arguments to max; returning -Inf"
"2","Warning: no non-missing arguments to max; returning -Inf"
"2","Warning: no non-missing arguments to max; returning -Inf"
"2","Warning: no non-missing arguments to max; returning -Inf"
"2","Warning: no non-missing arguments to max; returning -Inf"
"2","Warning: no non-missing arguments to max; returning -Inf"
"2","Warning: no non-missing arguments to max; returning -Inf"
"2","Warning: no non-missing arguments to max; returning -Inf"
"2","Warning: no non-missing arguments to max; returning -Inf"
"2","Warning: no non-missing arguments to max; returning -Inf"
"2","Warning: no non-missing arguments to max; returning -Inf"
"2","Warning: no non-missing arguments to max; returning -Inf"
"2","Warning: no non-missing arguments to max; returning -Inf"
"2","Warning: no non-missing arguments to max; returning -Inf"
"2","Warning: no non-missing arguments to max; returning -Inf"
"2","Warning: no non-missing arguments to max; returning -Inf"
"2","Warning: no non-missing arguments to max; returning -Inf"
"2","Warning: no non-missing arguments to max; returning -Inf"
"2","Warning: no non-missing arguments to max; returning -Inf"
"2","Warning: no non-missing arguments to max; returning -Inf"
"2","Warning: no non-missing arguments to max; returning -Inf"
"2","Warning: no non-missing arguments to max; returning -Inf"
"2","Warning: no non-missing arguments to max; returning -Inf"
"2","Warning: no non-missing arguments to max; returning -Inf"
"2","Warning: no non-missing arguments to max; returning -Inf"
"2","Warning: no non-missing arguments to max; returning -Inf"
"2","Warning: no non-missing arguments to max; returning -Inf"
"2","Warning: no non-missing arguments to max; returning -Inf"
"2","Warning: no non-missing arguments to max; returning -Inf"
"2","Warning: no non-missing arguments to max; returning -Inf"
"2","Warning: no non-missing arguments to max; returning -Inf"
"2","Warning: no non-missing arguments to max; returning -Inf"
"2","Warning: no non-missing arguments to max; returning -Inf"
"2","Warning: no non-missing arguments to max; returning -Inf"
"2","Warning: no non-missing arguments to max; returning -Inf"
"2","Warning: no non-missing arguments to max; returning -Inf"
"2","Warning: no non-missing arguments to max; returning -Inf"
"2","Warning: no non-missing arguments to max; returning -Inf"
"2","Warning: no non-missing arguments to max; returning -Inf"
"2","Warning: no non-missing arguments to max; returning -Inf"
"2","Warning: no non-missing arguments to max; returning -Inf"
"2","Warning: no non-missing arguments to max; returning -Inf"
"2","Warning: no non-missing arguments to max; returning -Inf"
"2","Warning: no non-missing arguments to max; returning -Inf"
"2","Warning: no non-missing arguments to max; returning -Inf"
"2","Warning: no non-missing arguments to max; returning -Inf"
"2","Warning: no non-missing arguments to max; returning -Inf"
"2","Warning: no non-missing arguments to max; returning -Inf"
"2","Warning: no non-missing arguments to max; returning -Inf"
"2","Warning: no non-missing arguments to max; returning -Inf"
"2","Warning: no non-missing arguments to max; returning -Inf"
"2","Warning: no non-missing arguments to max; returning -Inf"
"2","Warning: no non-missing arguments to max; returning -Inf"
"2","Warning: no non-missing arguments to max; returning -Inf"
"2","Warning: no non-missing arguments to max; returning -Inf"
"2","Warning: no non-missing arguments to max; returning -Inf"
"2","Warning: no non-missing arguments to max; returning -Inf"
"2","Warning: no non-missing arguments to max; returning -Inf"
"2","Warning: no non-missing arguments to max; returning -Inf"
"2","Warning: no non-missing arguments to max; returning -Inf"
"2","Warning: no non-missing arguments to max; returning -Inf"
"2","Warning: no non-missing arguments to max; returning -Inf"
"2","Warning: no non-missing arguments to max; returning -Inf"
"2","Warning: no non-missing arguments to max; returning -Inf"
"2","Warning: no non-missing arguments to max; returning -Inf"
"2","Warning: no non-missing arguments to max; returning -Inf"
"2","Warning: no non-missing arguments to max; returning -Inf"
"2","Warning: no non-missing arguments to max; returning -Inf"
"2","Warning: no non-missing arguments to max; returning -Inf"
"2","Warning: no non-missing arguments to max; returning -Inf"
"2","Warning: no non-missing arguments to max; returning -Inf"
"2","Warning: no non-missing arguments to max; returning -Inf"
"2","Warning: no non-missing arguments to max; returning -Inf"
"2","Warning: no non-missing arguments to max; returning -Inf"
"2","Warning: no non-missing arguments to max; returning -Inf"
"2","Warning: no non-missing arguments to max; returning -Inf"
"2","Warning: no non-missing arguments to max; returning -Inf"
"2","Warning: no non-missing arguments to max; returning -Inf"
"2","Warning: no non-missing arguments to max; returning -Inf"
"2","Warning: no non-missing arguments to max; returning -Inf"
"2","Warning: no non-missing arguments to max; returning -Inf"
"2","Warning: no non-missing arguments to max; returning -Inf"
"2","Warning: no non-missing arguments to max; returning -Inf"
"2","Warning: no non-missing arguments to max; returning -Inf"
"2","Warning: no non-missing arguments to max; returning -Inf"
"2","Warning: no non-missing arguments to max; returning -Inf"
"2","Warning: no non-missing arguments to max; returning -Inf"
"2","Warning: no non-missing arguments to max; returning -Inf"
"2","Warning: no non-missing arguments to max; returning -Inf"
"2","Warning: no non-missing arguments to max; returning -Inf"
"2","Warning: no non-missing arguments to max; returning -Inf"
"2","Warning: no non-missing arguments to max; returning -Inf"
"2","Warning: no non-missing arguments to max; returning -Inf"
"2","Warning: no non-missing arguments to max; returning -Inf"
"2","Warning: no non-missing arguments to max; returning -Inf"
"2","Warning: no non-missing arguments to max; returning -Inf"
"2","Warning: no non-missing arguments to max; returning -Inf"
"2","Warning: no non-missing arguments to max; returning -Inf"
"2","Warning: no non-missing arguments to max; returning -Inf"
"2","Warning: no non-missing arguments to max; returning -Inf"
"2","Warning: no non-missing arguments to max; returning -Inf"
"2","Warning: no non-missing arguments to max; returning -Inf"
"2","Warning: no non-missing arguments to max; returning -Inf"
"2","Warning: no non-missing arguments to max; returning -Inf"
"2","Warning: no non-missing arguments to max; returning -Inf"
"2","Warning: no non-missing arguments to max; returning -Inf"
"2","Warning: no non-missing arguments to max; returning -Inf"
"2","Warning: no non-missing arguments to max; returning -Inf"
"2","Warning: no non-missing arguments to max; returning -Inf"
"2","Warning: no non-missing arguments to max; returning -Inf"
"2","Warning: no non-missing arguments to max; returning -Inf"
"2","Warning: no non-missing arguments to max; returning -Inf"
"2","Warning: no non-missing arguments to max; returning -Inf"
"2","Warning: no non-missing arguments to max; returning -Inf"
"2","Warning: no non-missing arguments to max; returning -Inf"
"2","Warning: no non-missing arguments to max; returning -Inf"
"2","Warning: no non-missing arguments to max; returning -Inf"
"2","Warning: no non-missing arguments to max; returning -Inf"
"2","Warning: no non-missing arguments to max; returning -Inf"
"2","Warning: no non-missing arguments to max; returning -Inf"
"2","Warning: no non-missing arguments to max; returning -Inf"
"2","Warning: no non-missing arguments to max; returning -Inf"
"2","Warning: no non-missing arguments to max; returning -Inf"
"2","Warning: no non-missing arguments to max; returning -Inf"
"2","Warning: no non-missing arguments to max; returning -Inf"
"2","Warning: no non-missing arguments to max; returning -Inf"
"2","Warning: no non-missing arguments to max; returning -Inf"
"2","Warning: no non-missing arguments to max; returning -Inf"
"2","Warning: no non-missing arguments to max; returning -Inf"
"2","Warning: no non-missing arguments to max; returning -Inf"
"2","Warning: no non-missing arguments to max; returning -Inf"
"2","Warning: no non-missing arguments to max; returning -Inf"
"2","Warning: no non-missing arguments to max; returning -Inf"
"2","Warning: no non-missing arguments to max; returning -Inf"
"2","Warning: no non-missing arguments to max; returning -Inf"
"2","Warning: no non-missing arguments to max; returning -Inf"
"2","Warning: no non-missing arguments to max; returning -Inf"
"2","Warning: no non-missing arguments to max; returning -Inf"
"2","Warning: no non-missing arguments to max; returning -Inf"
"2","Warning: no non-missing arguments to max; returning -Inf"
"2","Warning: no non-missing arguments to max; returning -Inf"
"2","Warning: no non-missing arguments to max; returning -Inf"
"2","Warning: no non-missing arguments to max; returning -Inf"
"2","Warning: no non-missing arguments to max; returning -Inf"
"2","Warning: no non-missing arguments to max; returning -Inf"
"2","Warning: no non-missing arguments to max; returning -Inf"
"2","Warning: no non-missing arguments to max; returning -Inf"
"2","Warning: no non-missing arguments to max; returning -Inf"
"2","Warning: no non-missing arguments to max; returning -Inf"
"2","Warning: no non-missing arguments to max; returning -Inf"
"2","Warning: no non-missing arguments to max; returning -Inf"
"2","Warning: no non-missing arguments to max; returning -Inf"
"2","Warning: no non-missing arguments to max; returning -Inf"
"2","Warning: no non-missing arguments to max; returning -Inf"
"2","Warning: no non-missing arguments to max; returning -Inf"
"2","Warning: no non-missing arguments to max; returning -Inf"
"2","Warning: no non-missing arguments to max; returning -Inf"
"2","Warning: no non-missing arguments to max; returning -Inf"
"2","Warning: no non-missing arguments to max; returning -Inf"
"2","Warning: no non-missing arguments to max; returning -Inf"
"2","Warning: no non-missing arguments to max; returning -Inf"
"2","Warning: no non-missing arguments to max; returning -Inf"
"2","Warning: no non-missing arguments to max; returning -Inf"
"2","Warning: no non-missing arguments to max; returning -Inf"
"2","Warning: no non-missing arguments to max; returning -Inf"
"2","Warning: no non-missing arguments to max; returning -Inf"
"2","Warning: no non-missing arguments to max; returning -Inf"
"2","Warning: no non-missing arguments to max; returning -Inf"
"2","Warning: no non-missing arguments to max; returning -Inf"
"2","Warning: no non-missing arguments to max; returning -Inf"
"2","Warning: no non-missing arguments to max; returning -Inf"
"2","Warning: no non-missing arguments to max; returning -Inf"
"2","Warning: no non-missing arguments to max; returning -Inf"
"2","Warning: no non-missing arguments to max; returning -Inf"
"2","Warning: no non-missing arguments to max; returning -Inf"
"2","Warning: no non-missing arguments to max; returning -Inf"
"2","Warning: no non-missing arguments to max; returning -Inf"
"2","Warning: no non-missing arguments to max; returning -Inf"
"2","Warning: no non-missing arguments to max; returning -Inf"
"2","Warning: no non-missing arguments to max; returning -Inf"
"2","Warning: no non-missing arguments to max; returning -Inf"
"2","Warning: no non-missing arguments to max; returning -Inf"
"2","Warning: no non-missing arguments to max; returning -Inf"
"2","Warning: no non-missing arguments to max; returning -Inf"
"2","Warning: no non-missing arguments to max; returning -Inf"
"2","Warning: no non-missing arguments to max; returning -Inf"
"2","Warning: no non-missing arguments to max; returning -Inf"
"2","Warning: no non-missing arguments to max; returning -Inf"
"2","Warning: no non-missing arguments to max; returning -Inf"
"2","Warning: no non-missing arguments to max; returning -Inf"
"2","Warning: no non-missing arguments to max; returning -Inf"
"2","Warning: no non-missing arguments to max; returning -Inf"
"2","Warning: no non-missing arguments to max; returning -Inf"
"2","Warning: no non-missing arguments to max; returning -Inf"
"2","Warning: no non-missing arguments to max; returning -Inf"
"2","Warning: no non-missing arguments to max; returning -Inf"
"2","Warning: no non-missing arguments to max; returning -Inf"
"2","Warning: no non-missing arguments to max; returning -Inf"
"2","Warning: no non-missing arguments to max; returning -Inf"
"2","Warning: no non-missing arguments to max; returning -Inf"
"2","Warning: no non-missing arguments to max; returning -Inf"
"2","Warning: no non-missing arguments to max; returning -Inf"
"2","Warning: no non-missing arguments to max; returning -Inf"
"2","Warning: no non-missing arguments to max; returning -Inf"
"2","Warning: no non-missing arguments to max; returning -Inf"
"2","Warning: no non-missing arguments to max; returning -Inf"
"2","Warning: no non-missing arguments to max; returning -Inf"
"2","Warning: no non-missing arguments to max; returning -Inf"
"2","Warning: no non-missing arguments to max; returning -Inf"
"2","Warning: no non-missing arguments to max; returning -Inf"
"2","Warning: no non-missing arguments to max; returning -Inf"
"2","Warning: no non-missing arguments to max; returning -Inf"
"2","Warning: no non-missing arguments to max; returning -Inf"
"2","Warning: no non-missing arguments to max; returning -Inf"
"2","Warning: no non-missing arguments to max; returning -Inf"
"2","Warning: no non-missing arguments to max; returning -Inf"
"2","Warning: no non-missing arguments to max; returning -Inf"
"2","Warning: no non-missing arguments to max; returning -Inf"
"2","Warning: no non-missing arguments to max; returning -Inf"
"2","Warning: no non-missing arguments to max; returning -Inf"
"2","Warning: no non-missing arguments to max; returning -Inf"
"2","Warning: no non-missing arguments to max; returning -Inf"
"2","Warning: no non-missing arguments to max; returning -Inf"
"2","Warning: no non-missing arguments to max; returning -Inf"
"2","Warning: no non-missing arguments to max; returning -Inf"
"2","Warning: no non-missing arguments to max; returning -Inf"
"2","Warning: no non-missing arguments to max; returning -Inf"
"2","Warning: no non-missing arguments to max; returning -Inf"
"2","Warning: no non-missing arguments to max; returning -Inf"
"2","Warning: no non-missing arguments to max; returning -Inf"
"2","Warning: no non-missing arguments to max; returning -Inf"
"2","Warning: no non-missing arguments to max; returning -Inf"
"2","Warning: no non-missing arguments to max; returning -Inf"
"2","Warning: no non-missing arguments to max; returning -Inf"
"2","Warning: no non-missing arguments to max; returning -Inf"
"2","Warning: no non-missing arguments to max; returning -Inf"
"2","Warning: no non-missing arguments to max; returning -Inf"
"2","Warning: no non-missing arguments to max; returning -Inf"
"2","Warning: no non-missing arguments to max; returning -Inf"
"2","Warning: no non-missing arguments to max; returning -Inf"
"2","Warning: no non-missing arguments to max; returning -Inf"
"2","Warning: no non-missing arguments to max; returning -Inf"
"2","Warning: no non-missing arguments to max; returning -Inf"
"2","Warning: no non-missing arguments to max; returning -Inf"
"2","Warning: no non-missing arguments to max; returning -Inf"
"2","Warning: no non-missing arguments to max; returning -Inf"
"2","Warning: no non-missing arguments to max; returning -Inf"
"2","Warning: no non-missing arguments to max; returning -Inf"
"2","Warning: no non-missing arguments to max; returning -Inf"
"2","Warning: no non-missing arguments to max; returning -Inf"
"2","Warning: no non-missing arguments to max; returning -Inf"
"2","Warning: no non-missing arguments to max; returning -Inf"
"2","Warning: no non-missing arguments to max; returning -Inf"
"2","Warning: no non-missing arguments to max; returning -Inf"
"2","Warning: no non-missing arguments to max; returning -Inf"
"2","Warning: no non-missing arguments to max; returning -Inf"
"2","Warning: no non-missing arguments to max; returning -Inf"
"2","Warning: no non-missing arguments to max; returning -Inf"
"2","Warning: no non-missing arguments to max; returning -Inf"
"2","Warning: no non-missing arguments to max; returning -Inf"
"2","Warning: no non-missing arguments to max; returning -Inf"
"2","Warning: no non-missing arguments to max; returning -Inf"
"2","Warning: no non-missing arguments to max; returning -Inf"
"2","Warning: no non-missing arguments to max; returning -Inf"
"2","Warning: no non-missing arguments to max; returning -Inf"
"2","Warning: no non-missing arguments to max; returning -Inf"
"2","Warning: no non-missing arguments to max; returning -Inf"
"2","Warning: no non-missing arguments to max; returning -Inf"
"2","Warning: no non-missing arguments to max; returning -Inf"
"2","Warning: no non-missing arguments to max; returning -Inf"
"2","Warning: no non-missing arguments to max; returning -Inf"
"2","Warning: no non-missing arguments to max; returning -Inf"
"2","Warning: no non-missing arguments to max; returning -Inf"
"2","Warning: no non-missing arguments to max; returning -Inf"
"2","Warning: no non-missing arguments to max; returning -Inf"
"2","Warning: no non-missing arguments to max; returning -Inf"
"2","Warning: no non-missing arguments to max; returning -Inf"
"2","Warning: no non-missing arguments to max; returning -Inf"
"2","Warning: no non-missing arguments to max; returning -Inf"
"2","Warning: no non-missing arguments to max; returning -Inf"
"2","Warning: no non-missing arguments to max; returning -Inf"
"2","Warning: no non-missing arguments to max; returning -Inf"
"2","Warning: no non-missing arguments to max; returning -Inf"
"2","Warning: no non-missing arguments to max; returning -Inf"
"2","Warning: no non-missing arguments to max; returning -Inf"
"2","Warning: no non-missing arguments to max; returning -Inf"
"2","Warning: no non-missing arguments to max; returning -Inf"
"2","Warning: no non-missing arguments to max; returning -Inf"
"2","Warning: no non-missing arguments to max; returning -Inf"
"2","Warning: no non-missing arguments to max; returning -Inf"
"2","Warning: no non-missing arguments to max; returning -Inf"
"2","Warning: no non-missing arguments to max; returning -Inf"
"2","Warning: no non-missing arguments to max; returning -Inf"
"2","Warning: no non-missing arguments to max; returning -Inf"
"2","Warning: no non-missing arguments to max; returning -Inf"
"2","Warning: no non-missing arguments to max; returning -Inf"
"2","Warning: no non-missing arguments to max; returning -Inf"
"2","Warning: no non-missing arguments to max; returning -Inf"
"2","Warning: no non-missing arguments to max; returning -Inf"
"2","Warning: no non-missing arguments to max; returning -Inf"
"2","Warning: no non-missing arguments to max; returning -Inf"
"2","Warning: no non-missing arguments to max; returning -Inf"
"2","Warning: no non-missing arguments to max; returning -Inf"
"2","Warning: no non-missing arguments to max; returning -Inf"
"2","Warning: no non-missing arguments to max; returning -Inf"
"2","Warning: no non-missing arguments to max; returning -Inf"
"2","Warning: no non-missing arguments to max; returning -Inf"
"2","Warning: no non-missing arguments to max; returning -Inf"
"2","Warning: no non-missing arguments to max; returning -Inf"
"2","Warning: no non-missing arguments to max; returning -Inf"
"2","Warning: no non-missing arguments to max; returning -Inf"
"2","Warning: no non-missing arguments to max; returning -Inf"
"2","Warning: no non-missing arguments to max; returning -Inf"
"2","Warning: no non-missing arguments to max; returning -Inf"
"2","Warning: no non-missing arguments to max; returning -Inf"
"2","Warning: no non-missing arguments to max; returning -Inf"
"2","Warning: no non-missing arguments to max; returning -Inf"
"2","Warning: no non-missing arguments to max; returning -Inf"
"2","Warning: no non-missing arguments to max; returning -Inf"
"2","Warning: no non-missing arguments to max; returning -Inf"
"2","Warning: no non-missing arguments to max; returning -Inf"
"2","Warning: no non-missing arguments to max; returning -Inf"
"2","Warning: no non-missing arguments to max; returning -Inf"
"2","Warning: no non-missing arguments to max; returning -Inf"
"2","Warning: no non-missing arguments to max; returning -Inf"
"2","Warning: no non-missing arguments to max; returning -Inf"
"2","Warning: no non-missing arguments to max; returning -Inf"
"2","Warning: no non-missing arguments to max; returning -Inf"
"2","Warning: no non-missing arguments to max; returning -Inf"
"2","Warning: no non-missing arguments to max; returning -Inf"
"2","Warning: no non-missing arguments to max; returning -Inf"
"2","Warning: no non-missing arguments to max; returning -Inf"
"2","Warning: no non-missing arguments to max; returning -Inf"
"2","Warning: no non-missing arguments to max; returning -Inf"
"2","Warning: no non-missing arguments to max; returning -Inf"
"2","Warning: no non-missing arguments to max; returning -Inf"
"2","Warning: no non-missing arguments to max; returning -Inf"
"2","Warning: no non-missing arguments to max; returning -Inf"
"2","Warning: no non-missing arguments to max; returning -Inf"
"2","Warning: no non-missing arguments to max; returning -Inf"
"2","Warning: no non-missing arguments to max; returning -Inf"
"2","Warning: no non-missing arguments to max; returning -Inf"
"2","Warning: no non-missing arguments to max; returning -Inf"
"2","Warning: no non-missing arguments to max; returning -Inf"
"2","Warning: no non-missing arguments to max; returning -Inf"
"2","Warning: no non-missing arguments to max; returning -Inf"
"2","Warning: no non-missing arguments to max; returning -Inf"
"2","Warning: no non-missing arguments to max; returning -Inf"
"2","Warning: no non-missing arguments to max; returning -Inf"
"2","Warning: no non-missing arguments to max; returning -Inf"
"2","Warning: no non-missing arguments to max; returning -Inf"
"2","Warning: no non-missing arguments to max; returning -Inf"
"2","Warning: no non-missing arguments to max; returning -Inf"
"2","Warning: no non-missing arguments to max; returning -Inf"
"2","Warning: no non-missing arguments to max; returning -Inf"
"2","Warning: no non-missing arguments to max; returning -Inf"
"2","Warning: no non-missing arguments to max; returning -Inf"
"2","Warning: no non-missing arguments to max; returning -Inf"
"2","Warning: no non-missing arguments to max; returning -Inf"
"2","Warning: no non-missing arguments to max; returning -Inf"
"2","Warning: no non-missing arguments to max; returning -Inf"
"2","Warning: no non-missing arguments to max; returning -Inf"
"2","Warning: no non-missing arguments to max; returning -Inf"
"2","Warning: no non-missing arguments to max; returning -Inf"
"2","Warning: no non-missing arguments to max; returning -Inf"
"2","Warning: no non-missing arguments to max; returning -Inf"
"2","Warning: no non-missing arguments to max; returning -Inf"
"2","Warning: no non-missing arguments to max; returning -Inf"
"2","Warning: no non-missing arguments to max; returning -Inf"
"2","Warning: no non-missing arguments to max; returning -Inf"
"2","Warning: no non-missing arguments to max; returning -Inf"
"2","Warning: no non-missing arguments to max; returning -Inf"
"2","Warning: no non-missing arguments to max; returning -Inf"
"2","Warning: no non-missing arguments to max; returning -Inf"
"2","Warning: no non-missing arguments to max; returning -Inf"
"2","Warning: no non-missing arguments to max; returning -Inf"
"2","Warning: no non-missing arguments to max; returning -Inf"
"2","Warning: no non-missing arguments to max; returning -Inf"
"2","Warning: no non-missing arguments to max; returning -Inf"
"2","Warning: no non-missing arguments to max; returning -Inf"
"2","Warning: no non-missing arguments to max; returning -Inf"
"2","Warning: no non-missing arguments to max; returning -Inf"
"2","Warning: no non-missing arguments to max; returning -Inf"
"2","Warning: no non-missing arguments to max; returning -Inf"
"2","Warning: no non-missing arguments to max; returning -Inf"
"2","Warning: no non-missing arguments to max; returning -Inf"
"2","Warning: no non-missing arguments to max; returning -Inf"
"2","Warning: no non-missing arguments to max; returning -Inf"
"2","Warning: no non-missing arguments to max; returning -Inf"
"2","Warning: no non-missing arguments to max; returning -Inf"
"2","Warning: no non-missing arguments to max; returning -Inf"
"2","Warning: no non-missing arguments to max; returning -Inf"
"2","Warning: no non-missing arguments to max; returning -Inf"
"2","Warning: no non-missing arguments to max; returning -Inf"
"2","Warning: no non-missing arguments to max; returning -Inf"
"2","Warning: no non-missing arguments to max; returning -Inf"
"2","Warning: no non-missing arguments to max; returning -Inf"
"2","Warning: no non-missing arguments to max; returning -Inf"
"2","Warning: no non-missing arguments to max; returning -Inf"
"2","Warning: no non-missing arguments to max; returning -Inf"
"2","Warning: no non-missing arguments to max; returning -Inf"
"2","Warning: no non-missing arguments to max; returning -Inf"
"2","Warning: no non-missing arguments to max; returning -Inf"
"2","Warning: no non-missing arguments to max; returning -Inf"
"2","Warning: no non-missing arguments to max; returning -Inf"
"2","Warning: no non-missing arguments to max; returning -Inf"
"2","Warning: no non-missing arguments to max; returning -Inf"
"2","Warning: no non-missing arguments to max; returning -Inf"
"2","Warning: no non-missing arguments to max; returning -Inf"
"2","Warning: no non-missing arguments to max; returning -Inf"
"2","Warning: no non-missing arguments to max; returning -Inf"
"2","Warning: no non-missing arguments to max; returning -Inf"
"2","Warning: no non-missing arguments to max; returning -Inf"
"2","Warning: no non-missing arguments to max; returning -Inf"
"2","Warning: no non-missing arguments to max; returning -Inf"
"2","Warning: no non-missing arguments to max; returning -Inf"
"2","Warning: no non-missing arguments to max; returning -Inf"
"2","Warning: no non-missing arguments to max; returning -Inf"
"2","Warning: no non-missing arguments to max; returning -Inf"
"2","Warning: no non-missing arguments to max; returning -Inf"
"2","Warning: no non-missing arguments to max; returning -Inf"
"2","Warning: no non-missing arguments to max; returning -Inf"
"2","Warning: no non-missing arguments to max; returning -Inf"
"2","Warning: no non-missing arguments to max; returning -Inf"
"2","Warning: no non-missing arguments to max; returning -Inf"
"2","Warning: no non-missing arguments to max; returning -Inf"
"2","Warning: no non-missing arguments to max; returning -Inf"
"2","Warning: no non-missing arguments to max; returning -Inf"
"2","Warning: no non-missing arguments to max; returning -Inf"
"2","Warning: no non-missing arguments to max; returning -Inf"
"2","Warning: no non-missing arguments to max; returning -Inf"
"2","Warning: no non-missing arguments to max; returning -Inf"
"2","Warning: no non-missing arguments to max; returning -Inf"
"2","Warning: no non-missing arguments to max; returning -Inf"
"2","Warning: no non-missing arguments to max; returning -Inf"
"2","Warning: no non-missing arguments to max; returning -Inf"
"2","Warning: no non-missing arguments to max; returning -Inf"
"2","Warning: no non-missing arguments to max; returning -Inf"
"2","Warning: no non-missing arguments to max; returning -Inf"
"2","Warning: no non-missing arguments to max; returning -Inf"
"2","Warning: no non-missing arguments to max; returning -Inf"
"2","Warning: no non-missing arguments to max; returning -Inf"
"2","Warning: no non-missing arguments to max; returning -Inf"
"2","Warning: no non-missing arguments to max; returning -Inf"
"2","Warning: no non-missing arguments to max; returning -Inf"
"2","Warning: no non-missing arguments to max; returning -Inf"
"2","Warning: no non-missing arguments to max; returning -Inf"
"2","Warning: no non-missing arguments to max; returning -Inf"
"2","Warning: no non-missing arguments to max; returning -Inf"
"2","Warning: no non-missing arguments to max; returning -Inf"
"2","Warning: no non-missing arguments to max; returning -Inf"
"2","Warning: no non-missing arguments to max; returning -Inf"
"2","Warning: no non-missing arguments to max; returning -Inf"
"2","Warning: no non-missing arguments to max; returning -Inf"
"2","Warning: no non-missing arguments to max; returning -Inf"
"2","Warning: no non-missing arguments to max; returning -Inf"
"2","Warning: no non-missing arguments to max; returning -Inf"
"2","Warning: no non-missing arguments to max; returning -Inf"
"2","Warning: no non-missing arguments to max; returning -Inf"
"2","Warning: no non-missing arguments to max; returning -Inf"
"2","Warning: no non-missing arguments to max; returning -Inf"
"2","Warning: no non-missing arguments to max; returning -Inf"
"2","Warning: no non-missing arguments to max; returning -Inf"
"2","Warning: no non-missing arguments to max; returning -Inf"
"2","Warning: no non-missing arguments to max; returning -Inf"
"2","Warning: no non-missing arguments to max; returning -Inf"
"2","Warning: no non-missing arguments to max; returning -Inf"
"2","Warning: no non-missing arguments to max; returning -Inf"
"2","Warning: no non-missing arguments to max; returning -Inf"
"2","Warning: no non-missing arguments to max; returning -Inf"
"2","Warning: no non-missing arguments to max; returning -Inf"
"2","Warning: no non-missing arguments to max; returning -Inf"
"2","Warning: no non-missing arguments to max; returning -Inf"
"2","Warning: no non-missing arguments to max; returning -Inf"
"2","Warning: no non-missing arguments to max; returning -Inf"
"2","Warning: no non-missing arguments to max; returning -Inf"
"2","Warning: no non-missing arguments to max; returning -Inf"
"2","Warning: no non-missing arguments to max; returning -Inf"
"2","Warning: no non-missing arguments to max; returning -Inf"
"2","Warning: no non-missing arguments to max; returning -Inf"
"2","Warning: no non-missing arguments to max; returning -Inf"
"2","Warning: no non-missing arguments to max; returning -Inf"
"2","Warning: no non-missing arguments to max; returning -Inf"
"2","Warning: no non-missing arguments to max; returning -Inf"
"2","Warning: no non-missing arguments to max; returning -Inf"
"2","Warning: no non-missing arguments to max; returning -Inf"
"2","Warning: no non-missing arguments to max; returning -Inf"
"2","Warning: no non-missing arguments to max; returning -Inf"
"2","Warning: no non-missing arguments to max; returning -Inf"
"2","Warning: no non-missing arguments to max; returning -Inf"
"2","Warning: no non-missing arguments to max; returning -Inf"
"2","Warning: no non-missing arguments to max; returning -Inf"
"2","Warning: no non-missing arguments to max; returning -Inf"
"2","Warning: no non-missing arguments to max; returning -Inf"
"2","Warning: no non-missing arguments to max; returning -Inf"
"2","Warning: no non-missing arguments to max; returning -Inf"
"2","Warning: no non-missing arguments to max; returning -Inf"
"2","Warning: no non-missing arguments to max; returning -Inf"
"2","Warning: no non-missing arguments to max; returning -Inf"
"2","Warning: no non-missing arguments to max; returning -Inf"
"2","Warning: no non-missing arguments to max; returning -Inf"
"2","Warning: no non-missing arguments to max; returning -Inf"
"2","Warning: no non-missing arguments to max; returning -Inf"
"2","Warning: no non-missing arguments to max; returning -Inf"
"2","Warning: no non-missing arguments to max; returning -Inf"
"2","Warning: no non-missing arguments to max; returning -Inf"
"2","Warning: no non-missing arguments to max; returning -Inf"
"2","Warning: no non-missing arguments to max; returning -Inf"
"2","Warning: no non-missing arguments to max; returning -Inf"
"2","Warning: no non-missing arguments to max; returning -Inf"
"2","Warning: no non-missing arguments to max; returning -Inf"
"2","Warning: no non-missing arguments to max; returning -Inf"
"2","Warning: no non-missing arguments to max; returning -Inf"
"2","Warning: no non-missing arguments to max; returning -Inf"
"2","Warning: no non-missing arguments to max; returning -Inf"
"2","Warning: no non-missing arguments to max; returning -Inf"
"2","Warning: no non-missing arguments to max; returning -Inf"
"2","Warning: no non-missing arguments to max; returning -Inf"
"2","Warning: no non-missing arguments to max; returning -Inf"
"2","Warning: no non-missing arguments to max; returning -Inf"
"2","Warning: no non-missing arguments to max; returning -Inf"
"2","Warning: no non-missing arguments to max; returning -Inf"
"2","Warning: no non-missing arguments to max; returning -Inf"
"2","Warning: no non-missing arguments to max; returning -Inf"
"2","Warning: no non-missing arguments to max; returning -Inf"
"2","Warning: no non-missing arguments to max; returning -Inf"
"2","Warning: no non-missing arguments to max; returning -Inf"
"2","Warning: no non-missing arguments to max; returning -Inf"
"2","Warning: no non-missing arguments to max; returning -Inf"
"2","Warning: no non-missing arguments to max; returning -Inf"
"2","Warning: no non-missing arguments to max; returning -Inf"
"2","Warning: no non-missing arguments to max; returning -Inf"
"2","Warning: no non-missing arguments to max; returning -Inf"
"2","Warning: no non-missing arguments to max; returning -Inf"
"2","Warning: no non-missing arguments to max; returning -Inf"
"2","Warning: no non-missing arguments to max; returning -Inf"
"2","Warning: no non-missing arguments to max; returning -Inf"
"2","Warning: no non-missing arguments to max; returning -Inf"
"2","Warning: no non-missing arguments to max; returning -Inf"
"2","Warning: no non-missing arguments to max; returning -Inf"
"2","Warning: no non-missing arguments to max; returning -Inf"
"2","Warning: no non-missing arguments to max; returning -Inf"
"2","Warning: no non-missing arguments to max; returning -Inf"
"2","Warning: no non-missing arguments to max; returning -Inf"
"2","Warning: no non-missing arguments to max; returning -Inf"
"2","Warning: no non-missing arguments to max; returning -Inf"
"2","Warning: no non-missing arguments to max; returning -Inf"
"2","Warning: no non-missing arguments to max; returning -Inf"
"2","Warning: no non-missing arguments to max; returning -Inf"
"2","Warning: no non-missing arguments to max; returning -Inf"
"2","Warning: no non-missing arguments to max; returning -Inf"
"2","Warning: no non-missing arguments to max; returning -Inf"
"2","Warning: no non-missing arguments to max; returning -Inf"
"2","Warning: no non-missing arguments to max; returning -Inf"
"2","Warning: no non-missing arguments to max; returning -Inf"
"2","Warning: no non-missing arguments to max; returning -Inf"
"2","Warning: no non-missing arguments to max; returning -Inf"
"2","Warning: no non-missing arguments to max; returning -Inf"
"2","Warning: no non-missing arguments to max; returning -Inf"
"2","Warning: no non-missing arguments to max; returning -Inf"
"2","Warning: no non-missing arguments to max; returning -Inf"
"2","Warning: no non-missing arguments to max; returning -Inf"
"2","Warning: no non-missing arguments to max; returning -Inf"
"2","Warning: no non-missing arguments to max; returning -Inf"
"2","Warning: no non-missing arguments to max; returning -Inf"
"2","Warning: no non-missing arguments to max; returning -Inf"
"2","Warning: no non-missing arguments to max; returning -Inf"
"2","Warning: no non-missing arguments to max; returning -Inf"
"2","Warning: no non-missing arguments to max; returning -Inf"
"2","Warning: no non-missing arguments to max; returning -Inf"
"2","Warning: no non-missing arguments to max; returning -Inf"
"2","Warning: no non-missing arguments to max; returning -Inf"
"2","Warning: no non-missing arguments to max; returning -Inf"
"2","Warning: no non-missing arguments to max; returning -Inf"
"2","Warning: no non-missing arguments to max; returning -Inf"
"2","Warning: no non-missing arguments to max; returning -Inf"
"2","Warning: no non-missing arguments to max; returning -Inf"
"2","Warning: no non-missing arguments to max; returning -Inf"
"2","Warning: no non-missing arguments to max; returning -Inf"
"2","Warning: no non-missing arguments to max; returning -Inf"
"2","Warning: no non-missing arguments to max; returning -Inf"
"2","Warning: no non-missing arguments to max; returning -Inf"
"2","Warning: no non-missing arguments to max; returning -Inf"
"2","Warning: no non-missing arguments to max; returning -Inf"
"2","Warning: no non-missing arguments to max; returning -Inf"
"2","Warning: no non-missing arguments to max; returning -Inf"
"2","Warning: no non-missing arguments to max; returning -Inf"
"2","Warning: no non-missing arguments to max; returning -Inf"
"2","Warning: no non-missing arguments to max; returning -Inf"
"2","Warning: no non-missing arguments to max; returning -Inf"
"2","Warning: no non-missing arguments to max; returning -Inf"
"2","Warning: no non-missing arguments to max; returning -Inf"
"2","Warning: no non-missing arguments to max; returning -Inf"
"2","Warning: no non-missing arguments to max; returning -Inf"
"2","Warning: no non-missing arguments to max; returning -Inf"
"2","Warning: no non-missing arguments to max; returning -Inf"
"2","Warning: no non-missing arguments to max; returning -Inf"
"2","Warning: no non-missing arguments to max; returning -Inf"
"2","Warning: no non-missing arguments to max; returning -Inf"
"2","Warning: no non-missing arguments to max; returning -Inf"
"2","Warning: no non-missing arguments to max; returning -Inf"
"2","Warning: no non-missing arguments to max; returning -Inf"
"2","Warning: no non-missing arguments to max; returning -Inf"
"2","Warning: no non-missing arguments to max; returning -Inf"
"2","Warning: no non-missing arguments to max; returning -Inf"
"2","Warning: no non-missing arguments to max; returning -Inf"
"2","Warning: no non-missing arguments to max; returning -Inf"
"2","Warning: no non-missing arguments to max; returning -Inf"
"2","Warning: no non-missing arguments to max; returning -Inf"
"2","Warning: no non-missing arguments to max; returning -Inf"
"2","Warning: no non-missing arguments to max; returning -Inf"
"2","Warning: no non-missing arguments to max; returning -Inf"
"2","Warning: no non-missing arguments to max; returning -Inf"
"2","Warning: no non-missing arguments to max; returning -Inf"
"2","Warning: no non-missing arguments to max; returning -Inf"
"2","Warning: no non-missing arguments to max; returning -Inf"
"2","Warning: no non-missing arguments to max; returning -Inf"
"2","Warning: no non-missing arguments to max; returning -Inf"
"2","Warning: no non-missing arguments to max; returning -Inf"
"2","Warning: no non-missing arguments to max; returning -Inf"
"2","Warning: no non-missing arguments to max; returning -Inf"
"2","Warning: no non-missing arguments to max; returning -Inf"
"2","Warning: no non-missing arguments to max; returning -Inf"
"2","Warning: no non-missing arguments to max; returning -Inf"
"2","Warning: no non-missing arguments to max; returning -Inf"
"2","Warning: no non-missing arguments to max; returning -Inf"
"2","Warning: no non-missing arguments to max; returning -Inf"
"2","Warning: no non-missing arguments to max; returning -Inf"
"2","Warning: no non-missing arguments to max; returning -Inf"
"2","Warning: no non-missing arguments to max; returning -Inf"
"2","Warning: no non-missing arguments to max; returning -Inf"
"2","Warning: no non-missing arguments to max; returning -Inf"
"2","Warning: no non-missing arguments to max; returning -Inf"
"2","Warning: no non-missing arguments to max; returning -Inf"
"2","Warning: no non-missing arguments to max; returning -Inf"
"2","Warning: no non-missing arguments to max; returning -Inf"
"2","Warning: no non-missing arguments to max; returning -Inf"
"2","Warning: no non-missing arguments to max; returning -Inf"
"2","Warning: no non-missing arguments to max; returning -Inf"
"2","Warning: no non-missing arguments to max; returning -Inf"
"2","Warning: no non-missing arguments to max; returning -Inf"
"2","Warning: no non-missing arguments to max; returning -Inf"
"2","Warning: no non-missing arguments to max; returning -Inf"
"2","Warning: no non-missing arguments to max; returning -Inf"
"2","Warning: no non-missing arguments to max; returning -Inf"
"2","Warning: no non-missing arguments to max; returning -Inf"
"2","Warning: no non-missing arguments to max; returning -Inf"
"2","Warning: no non-missing arguments to max; returning -Inf"
"2","Warning: no non-missing arguments to max; returning -Inf"
"2","Warning: no non-missing arguments to max; returning -Inf"
"2","Warning: no non-missing arguments to max; returning -Inf"
"2","Warning: no non-missing arguments to max; returning -Inf"
"2","Warning: no non-missing arguments to max; returning -Inf"
"2","Warning: no non-missing arguments to max; returning -Inf"
"2","Warning: no non-missing arguments to max; returning -Inf"
"2","Warning: no non-missing arguments to max; returning -Inf"
"2","Warning: no non-missing arguments to max; returning -Inf"
"2","Warning: no non-missing arguments to max; returning -Inf"
"2","Warning: no non-missing arguments to max; returning -Inf"
"2","Warning: no non-missing arguments to max; returning -Inf"
"2","Warning: no non-missing arguments to max; returning -Inf"
"2","Warning: no non-missing arguments to max; returning -Inf"
"2","Warning: no non-missing arguments to max; returning -Inf"
"2","Warning: no non-missing arguments to max; returning -Inf"
"2","Warning: no non-missing arguments to max; returning -Inf"
"2","Warning: no non-missing arguments to max; returning -Inf"
"2","Warning: no non-missing arguments to max; returning -Inf"
"2","Warning: no non-missing arguments to max; returning -Inf"
"2","Warning: no non-missing arguments to max; returning -Inf"
"2","Warning: no non-missing arguments to max; returning -Inf"
"2","Warning: no non-missing arguments to max; returning -Inf"
"2","Warning: no non-missing arguments to max; returning -Inf"
"2","Warning: no non-missing arguments to max; returning -Inf"
"2","Warning: no non-missing arguments to max; returning -Inf"
"2","Warning: no non-missing arguments to max; returning -Inf"
"2","Warning: no non-missing arguments to max; returning -Inf"
"2","Warning: no non-missing arguments to max; returning -Inf"
"2","Warning: no non-missing arguments to max; returning -Inf"
"2","Warning: no non-missing arguments to max; returning -Inf"
"2","Warning: no non-missing arguments to max; returning -Inf"
"2","Warning: no non-missing arguments to max; returning -Inf"
"2","Warning: no non-missing arguments to max; returning -Inf"
"2","Warning: no non-missing arguments to max; returning -Inf"
"2","Warning: no non-missing arguments to max; returning -Inf"
"2","Warning: no non-missing arguments to max; returning -Inf"
"2","Warning: no non-missing arguments to max; returning -Inf"
"2","Warning: no non-missing arguments to max; returning -Inf"
"2","Warning: no non-missing arguments to max; returning -Inf"
"2","Warning: no non-missing arguments to max; returning -Inf"
"2","Warning: no non-missing arguments to max; returning -Inf"
"2","Warning: no non-missing arguments to max; returning -Inf"
"2","Warning: no non-missing arguments to max; returning -Inf"
"2","Warning: no non-missing arguments to max; returning -Inf"
"2","Warning: no non-missing arguments to max; returning -Inf"
"2","Warning: no non-missing arguments to max; returning -Inf"
"2","Warning: no non-missing arguments to max; returning -Inf"
"2","Warning: no non-missing arguments to max; returning -Inf"
"2","Warning: no non-missing arguments to max; returning -Inf"
"2","Warning: no non-missing arguments to max; returning -Inf"
"2","Warning: no non-missing arguments to max; returning -Inf"
"2","Warning: no non-missing arguments to max; returning -Inf"
"2","Warning: no non-missing arguments to max; returning -Inf"
"2","Warning: no non-missing arguments to max; returning -Inf"
"2","Warning: no non-missing arguments to max; returning -Inf"
"2","Warning: no non-missing arguments to max; returning -Inf"
"2","Warning: no non-missing arguments to max; returning -Inf"
"2","Warning: no non-missing arguments to max; returning -Inf"
"2","Warning: no non-missing arguments to max; returning -Inf"
"2","Warning: no non-missing arguments to max; returning -Inf"
"2","Warning: no non-missing arguments to max; returning -Inf"
"2","Warning: no non-missing arguments to max; returning -Inf"
"2","Warning: no non-missing arguments to max; returning -Inf"
"2","Warning: no non-missing arguments to max; returning -Inf"
"2","Warning: no non-missing arguments to max; returning -Inf"
"2","Warning: no non-missing arguments to max; returning -Inf"
"2","Warning: no non-missing arguments to max; returning -Inf"
"2","Warning: no non-missing arguments to max; returning -Inf"
"2","Warning: no non-missing arguments to max; returning -Inf"
"2","Warning: no non-missing arguments to max; returning -Inf"
"2","Warning: no non-missing arguments to max; returning -Inf"
"2","Warning: no non-missing arguments to max; returning -Inf"
"2","Warning: no non-missing arguments to max; returning -Inf"
"2","Warning: no non-missing arguments to max; returning -Inf"
"2","Warning: no non-missing arguments to max; returning -Inf"
"2","Warning: no non-missing arguments to max; returning -Inf"
"2","Warning: no non-missing arguments to max; returning -Inf"
"2","Warning: no non-missing arguments to max; returning -Inf"
"2","Warning: no non-missing arguments to max; returning -Inf"
"2","Warning: no non-missing arguments to max; returning -Inf"
"2","Warning: no non-missing arguments to max; returning -Inf"
"2","Warning: no non-missing arguments to max; returning -Inf"
"2","Warning: no non-missing arguments to max; returning -Inf"
"2","Warning: no non-missing arguments to max; returning -Inf"
"2","Warning: no non-missing arguments to max; returning -Inf"
"2","Warning: no non-missing arguments to max; returning -Inf"
"2","Warning: no non-missing arguments to max; returning -Inf"
"2","Warning: no non-missing arguments to max; returning -Inf"
"2","Warning: no non-missing arguments to max; returning -Inf"
"2","Warning: no non-missing arguments to max; returning -Inf"
"2","Warning: no non-missing arguments to max; returning -Inf"
"2","Warning: no non-missing arguments to max; returning -Inf"
"2","Warning: no non-missing arguments to max; returning -Inf"
"2","Warning: no non-missing arguments to max; returning -Inf"
"2","Warning: no non-missing arguments to max; returning -Inf"
"2","Warning: no non-missing arguments to max; returning -Inf"
"2","Warning: no non-missing arguments to max; returning -Inf"
"2","Warning: no non-missing arguments to max; returning -Inf"
"2","Warning: no non-missing arguments to max; returning -Inf"
"2","Warning: no non-missing arguments to max; returning -Inf"
"2","Warning: no non-missing arguments to max; returning -Inf"
"2","Warning: no non-missing arguments to max; returning -Inf"
"2","Warning: no non-missing arguments to max; returning -Inf"
"2","Warning: no non-missing arguments to max; returning -Inf"
"2","Warning: no non-missing arguments to max; returning -Inf"
"2","Warning: no non-missing arguments to max; returning -Inf"
"2","Warning: no non-missing arguments to max; returning -Inf"
"2","Warning: no non-missing arguments to max; returning -Inf"
"2","Warning: no non-missing arguments to max; returning -Inf"
"2","Warning: no non-missing arguments to max; returning -Inf"
"2","Warning: no non-missing arguments to max; returning -Inf"
"2","Warning: no non-missing arguments to max; returning -Inf"
"2","Warning: no non-missing arguments to max; returning -Inf"
"2","Warning: no non-missing arguments to max; returning -Inf"
"2","Warning: no non-missing arguments to max; returning -Inf"
"2","Warning: no non-missing arguments to max; returning -Inf"
"2","Warning: no non-missing arguments to max; returning -Inf"
"2","Warning: no non-missing arguments to max; returning -Inf"
"2","Warning: no non-missing arguments to max; returning -Inf"
"2","Warning: no non-missing arguments to max; returning -Inf"
"2","Warning: no non-missing arguments to max; returning -Inf"
"2","Warning: no non-missing arguments to max; returning -Inf"
"2","Warning: no non-missing arguments to max; returning -Inf"
"2","Warning: no non-missing arguments to max; returning -Inf"
"2","Warning: no non-missing arguments to max; returning -Inf"
"2","Warning: no non-missing arguments to max; returning -Inf"
"2","Warning: no non-missing arguments to max; returning -Inf"
"2","Warning: no non-missing arguments to max; returning -Inf"
"2","Warning: no non-missing arguments to max; returning -Inf"
"2","Warning: no non-missing arguments to max; returning -Inf"
"2","Warning: no non-missing arguments to max; returning -Inf"
"2","Warning: no non-missing arguments to max; returning -Inf"
"2","Warning: no non-missing arguments to max; returning -Inf"
"2","Warning: no non-missing arguments to max; returning -Inf"
"2","Warning: no non-missing arguments to max; returning -Inf"
"2","Warning: no non-missing arguments to max; returning -Inf"
"2","Warning: no non-missing arguments to max; returning -Inf"
"2","Warning: no non-missing arguments to max; returning -Inf"
"2","Warning: no non-missing arguments to max; returning -Inf"
"2","Warning: no non-missing arguments to max; returning -Inf"
"2","Warning: no non-missing arguments to max; returning -Inf"
"2","Warning: no non-missing arguments to max; returning -Inf"
"2","Warning: no non-missing arguments to max; returning -Inf"
"2","Warning: no non-missing arguments to max; returning -Inf"
"2","Warning: no non-missing arguments to max; returning -Inf"
"2","Warning: no non-missing arguments to max; returning -Inf"
"2","Warning: no non-missing arguments to max; returning -Inf"
"2","Warning: no non-missing arguments to max; returning -Inf"
"2","Warning: no non-missing arguments to max; returning -Inf"
"2","Warning: no non-missing arguments to max; returning -Inf"
"2","Warning: no non-missing arguments to max; returning -Inf"
"2","Warning: no non-missing arguments to max; returning -Inf"
"2","Warning: no non-missing arguments to max; returning -Inf"
"2","Warning: no non-missing arguments to max; returning -Inf"
"2","Warning: no non-missing arguments to max; returning -Inf"
"2","Warning: no non-missing arguments to max; returning -Inf"
"2","Warning: no non-missing arguments to max; returning -Inf"
"2","Warning: no non-missing arguments to max; returning -Inf"
"2","Warning: no non-missing arguments to max; returning -Inf"
"2","Warning: no non-missing arguments to max; returning -Inf"
"2","Warning: no non-missing arguments to max; returning -Inf"
"2","Warning: no non-missing arguments to max; returning -Inf"
"2","Warning: no non-missing arguments to max; returning -Inf"
"2","Warning: no non-missing arguments to max; returning -Inf"
"2","Warning: no non-missing arguments to max; returning -Inf"
"2","Warning: no non-missing arguments to max; returning -Inf"
"2","Error in max(t) : invalid 'type' (list) of argument
"
"2","Warning: [38;5;232mCallaway and Sant'Anna (2020) Failed[39m"
"2","Estimating using Sun and Abraham (2020)
"
"2","Estimating using Borusyak, Jaravel, Spiess (2021)
"
"2","Estimating using Roth and Sant'Anna (2021)
"
"2","Warning: Panel is unbalanced (or has missing values for some observations). Dropping observations with missing values of Y_{it} for some time periods. If you wish to include these observations, provide staggered with a df with imputed outcomes."
"2","Error in create_Atheta_list_for_event_study(eventTime = eventTime, g_list = g_list,  : 
  There are no comparison cohorts for the given eventTime
"
"2","Warning: [38;5;232mRoth and Sant'Anna (2021) Failed[39m"
"0","plot_event_study(out)"
